in_volume,in_flowrate,in_Pressure,out_Volume,out_flowrate,Pressure_out,"1,0 for Volume","1,0 for Pressure",Output
6329.47,88.96,14.53974774,3797.682,71.168,11.63179819,0,0,no leak
6277.03,79.36,14.25677982,4393.921,63.488,11.40542386,1,0,leak
7016.61,64.36,13.09225982,4911.627,51.488,10.47380786,1,0,leak
1128.5,27.08,14.53974774,789.95,21.664,11.63179819,1,0,leak
9677.82,45.93,14.25677982,6774.474,36.744,11.40542386,1,0,leak
4764.09,14.03,13.09225982,3334.863,11.224,10.47380786,1,0,leak
2373.27,35.96,14.53974774,1661.289,28.768,11.63179819,1,0,leak
8982.55,13.01,14.25677982,6287.785,10.408,11.40542386,1,0,leak
5854.93,29.46,13.09225982,4098.451,23.568,10.47380786,1,0,leak
4124.51,33.84,14.53974774,2887.157,27.072,11.63179819,1,0,leak
7721.16,54.08,14.25677982,5404.812,43.264,11.40542386,1,0,leak
8974.33,32.48,13.09225982,6282.031,25.984,10.47380786,1,0,leak
5804.25,27.04,14.53974774,4062.975,21.632,11.63179819,1,0,leak
8392.03,14.89,14.25677982,5874.421,11.912,11.40542386,1,0,leak
3340.34,16.06,13.09225982,2338.238,12.848,10.47380786,1,0,leak
1109.75,65.12,14.53974774,776.825,52.096,11.63179819,1,0,leak
6549.18,54.02,14.25677982,4584.426,43.216,11.40542386,1,0,leak
1652.93,21.61,13.09225982,1157.051,17.288,10.47380786,1,0,leak
616.72,98.09,14.53974774,431.704,78.472,11.63179819,1,0,leak
5607.43,88.18,14.25677982,3925.201,70.544,11.40542386,1,0,leak
5116.4,53.66,13.09225982,3581.48,42.928,10.47380786,1,0,leak
3452.29,93.52,14.53974774,2416.603,74.816,11.63179819,1,0,leak
6548.56,19.29,14.25677982,4583.992,15.432,11.40542386,1,0,leak
788.68,79.19,13.09225982,552.076,63.352,10.47380786,1,0,leak
9557.69,11.22,14.53974774,6690.383,8.976,11.63179819,1,0,leak
678.87,44.24,14.25677982,475.209,35.392,11.40542386,1,0,leak
4687.4,3.99,13.09225982,3281.18,3.192,10.47380786,1,0,leak
5458.78,61.39,14.53974774,3821.146,49.112,11.63179819,1,0,leak
2415.03,86.43,14.25677982,1690.521,69.144,11.40542386,1,0,leak
4532.33,46.32,13.09225982,3172.631,37.056,10.47380786,1,0,leak
3624.15,29.96,14.53974774,2536.905,23.968,11.63179819,1,0,leak
2179.85,23.7,14.25677982,1525.895,18.96,11.40542386,1,0,leak
6955.33,68.03,13.09225982,4868.731,54.424,10.47380786,1,0,leak
5704.3,21.27,14.53974774,3993.01,17.016,11.63179819,1,0,leak
7960.22,57.12,14.25677982,5572.154,45.696,11.40542386,1,0,leak
5588.38,25.61,13.09225982,3911.866,20.488,10.47380786,1,0,leak
3779.38,95.48,14.53974774,2645.566,76.384,11.63179819,1,0,leak
987.34,69.7,14.25677982,691.138,55.76,11.40542386,1,0,leak
1012.18,36.48,13.09225982,708.526,29.184,10.47380786,1,0,leak
5082.6,66.05,14.53974774,3557.82,52.84,11.63179819,1,0,leak
1444.71,38.73,14.25677982,1011.297,30.984,11.40542386,1,0,leak
840.81,31.57,13.09225982,588.567,25.256,10.47380786,1,0,leak
145.56,97.69,14.53974774,101.892,78.152,11.63179819,1,0,leak
6092.51,87.94,14.25677982,4264.757,70.352,11.40542386,1,0,leak
9854.28,14.76,13.09225982,6897.996,11.808,10.47380786,1,0,leak
1554.3,52.32,14.53974774,1088.01,41.856,11.63179819,1,0,leak
2919.22,50.4,14.25677982,2043.454,40.32,11.40542386,1,0,leak
4833.85,8.85,13.09225982,3383.695,7.08,10.47380786,1,0,leak
5663.12,55.08,14.53974774,3964.184,44.064,11.63179819,1,0,leak
6223.16,35.11,14.25677982,4356.212,28.088,11.40542386,1,0,leak
8792.32,90.11,13.09225982,6154.624,72.088,10.47380786,1,0,leak
9448.41,17.7,14.53974774,6613.887,14.16,11.63179819,1,0,leak
9601.84,85.76,14.25677982,6721.288,68.608,11.40542386,1,0,leak
4494.4,79.55,13.09225982,3146.08,63.64,10.47380786,1,0,leak
4176.26,24.62,14.53974774,2923.382,19.696,11.63179819,1,0,leak
6980.54,69.03,14.25677982,4886.378,55.224,11.40542386,1,0,leak
4530.03,44.77,13.09225982,3171.021,35.816,10.47380786,1,0,leak
625.93,0.79,14.53974774,438.151,0.632,11.63179819,1,0,leak
18.55,95.81,14.25677982,12.985,76.648,11.40542386,1,0,leak
8503.1,87.16,13.09225982,5952.17,69.728,10.47380786,1,0,leak
383.38,9.18,14.53974774,268.366,7.344,11.63179819,1,0,leak
3912.32,67.04,14.25677982,2738.624,53.632,11.40542386,1,0,leak
1119.29,53.84,13.09225982,783.503,43.072,10.47380786,1,0,leak
1083.34,29.78,14.53974774,758.338,23.824,11.63179819,1,0,leak
1717.01,17.23,14.25677982,1201.907,13.784,11.40542386,1,0,leak
5651.17,76.6,13.09225982,3955.819,61.28,10.47380786,1,0,leak
2043,34.23,14.53974774,1430.1,27.384,11.63179819,1,0,leak
2080.95,72.7,14.25677982,1456.665,58.16,11.40542386,1,0,leak
6569.81,62.98,13.09225982,4598.867,50.384,10.47380786,1,0,leak
7316.6,55.46,14.53974774,5121.62,44.368,11.63179819,1,0,leak
4309.57,35.73,14.25677982,3016.699,28.584,11.40542386,1,0,leak
8578.36,82.38,13.09225982,6004.852,65.904,10.47380786,1,0,leak
7084.27,76.88,14.53974774,4958.989,61.504,11.63179819,1,0,leak
6546,34.64,14.25677982,4582.2,27.712,11.40542386,1,0,leak
6522.42,20.75,13.09225982,4565.694,16.6,10.47380786,1,0,leak
6743.47,75.22,14.53974774,4720.429,60.176,11.63179819,1,0,leak
9545.87,34.22,14.25677982,6682.109,27.376,11.40542386,1,0,leak
1392.72,61.31,13.09225982,974.904,49.048,10.47380786,1,0,leak
641.42,77.87,14.53974774,448.994,62.296,11.63179819,1,0,leak
3261.46,96.28,14.25677982,2283.022,77.024,11.40542386,1,0,leak
1310.77,16.74,13.09225982,917.539,13.392,10.47380786,1,0,leak
9759.37,7.49,14.53974774,6831.559,5.992,11.63179819,1,0,leak
8409.05,39.8,14.25677982,5886.335,31.84,11.40542386,1,0,leak
7604.88,52.04,13.09225982,5323.416,41.632,10.47380786,1,0,leak
5609.78,38.07,14.53974774,3926.846,30.456,11.63179819,1,0,leak
1029.56,13.69,14.25677982,720.692,10.952,11.40542386,1,0,leak
9618.82,74.56,13.09225982,6733.174,59.648,10.47380786,1,0,leak
2654.09,24.44,14.53974774,1857.863,19.552,11.63179819,1,0,leak
4352.86,69.45,14.25677982,3047.002,55.56,11.40542386,1,0,leak
9271.1,78.06,13.09225982,6489.77,62.448,10.47380786,1,0,leak
6151.81,13.31,14.53974774,4306.267,10.648,11.63179819,1,0,leak
3380.72,86.24,14.25677982,2366.504,68.992,11.40542386,1,0,leak
6381.3,7.79,13.09225982,4466.91,6.232,10.47380786,1,0,leak
1838.47,20.61,14.53974774,1286.929,16.488,11.63179819,1,0,leak
8454.47,76.91,14.25677982,5918.129,61.528,11.40542386,1,0,leak
4178.95,66.79,13.09225982,2925.265,53.432,10.47380786,1,0,leak
1746.73,64,14.53974774,1222.711,51.2,11.63179819,1,0,leak
7145.96,75,14.25677982,5002.172,60,11.40542386,1,0,leak
4767.44,67.33,13.09225982,3337.208,53.864,10.47380786,1,0,leak
2238.18,61.03,14.53974774,1566.726,48.824,11.63179819,1,0,leak
4082.32,44.28,14.25677982,2857.624,35.424,11.40542386,1,0,leak
8694.68,72.66,13.09225982,6086.276,58.128,10.47380786,1,0,leak
3208.74,34.4,14.53974774,2246.118,27.52,11.63179819,1,0,leak
563.77,53.31,14.25677982,394.639,42.648,11.40542386,1,0,leak
2515.27,81.28,13.09225982,1760.689,65.024,10.47380786,1,0,leak
2299.05,11.13,14.53974774,1609.335,8.904,11.63179819,1,0,leak
9983.87,84.15,14.25677982,6988.709,67.32,11.40542386,1,0,leak
871.49,53.06,13.09225982,610.043,42.448,10.47380786,1,0,leak
1464.14,67.95,14.53974774,1024.898,54.36,11.63179819,1,0,leak
2470.02,46.27,14.25677982,1729.014,37.016,11.40542386,1,0,leak
5156.52,30.38,13.09225982,3609.564,24.304,10.47380786,1,0,leak
9364.5,21.9,14.53974774,6555.15,17.52,11.63179819,1,0,leak
5705.22,19.49,14.25677982,3993.654,15.592,11.40542386,1,0,leak
6507.4,10.6,13.09225982,4555.18,8.48,10.47380786,1,0,leak
4292.37,5.45,14.53974774,3004.659,4.36,11.63179819,1,0,leak
8189.69,8.73,14.25677982,5732.783,6.984,11.40542386,1,0,leak
1968.92,40.47,13.09225982,1378.244,32.376,10.47380786,1,0,leak
1057,26.08,14.53974774,739.9,20.864,11.63179819,1,0,leak
8214.68,85.47,14.25677982,5750.276,68.376,11.40542386,1,0,leak
6448.03,52.6,13.09225982,4513.621,42.08,10.47380786,1,0,leak
3242.48,41.8,14.53974774,2269.736,33.44,11.63179819,1,0,leak
4551.39,7.24,14.25677982,3185.973,5.792,11.40542386,1,0,leak
3876.95,42.96,13.09225982,2713.865,34.368,10.47380786,1,0,leak
7334.39,56.36,14.53974774,5134.073,45.088,11.63179819,1,0,leak
2649.4,68.96,14.25677982,1854.58,55.168,11.40542386,1,0,leak
7104.34,38.71,13.09225982,4973.038,30.968,10.47380786,1,0,leak
8212.85,16.78,14.53974774,5748.995,13.424,11.63179819,1,0,leak
827.25,26.34,14.25677982,579.075,21.072,11.40542386,1,0,leak
2461.05,8.58,13.09225982,1722.735,6.864,10.47380786,1,0,leak
7498.84,68.37,14.53974774,5249.188,54.696,11.63179819,1,0,leak
2203.89,94.19,14.25677982,1542.723,75.352,11.40542386,1,0,leak
9433.12,54.06,13.09225982,6603.184,43.248,10.47380786,1,0,leak
4367.57,49.75,14.53974774,3057.299,39.8,11.63179819,1,0,leak
4104.7,89.59,14.25677982,2873.29,71.672,11.40542386,1,0,leak
4521.87,39.84,13.09225982,3165.309,31.872,10.47380786,1,0,leak
2307.59,20.85,14.53974774,1615.313,16.68,11.63179819,1,0,leak
8491.1,7.73,14.25677982,5943.77,6.184,11.40542386,1,0,leak
8212.02,76.89,13.09225982,5748.414,61.512,10.47380786,1,0,leak
1119.43,15.24,14.53974774,783.601,12.192,11.63179819,1,0,leak
2952.23,91.75,14.25677982,2066.561,73.4,11.40542386,1,0,leak
1572.28,8.2,13.09225982,1100.596,6.56,10.47380786,1,0,leak
9357.11,85.58,14.53974774,6549.977,68.464,11.63179819,1,0,leak
9230.2,11.96,14.25677982,6461.14,9.568,11.40542386,1,0,leak
90.84,40.62,13.09225982,63.588,32.496,10.47380786,1,0,leak
2514.63,56.65,14.53974774,1760.241,45.32,11.63179819,1,0,leak
3124.12,49.85,14.25677982,2186.884,39.88,11.40542386,1,0,leak
2253.19,77.14,13.09225982,1577.233,61.712,10.47380786,1,0,leak
3218.78,21.54,14.53974774,2253.146,17.232,11.63179819,1,0,leak
4826.85,17.55,14.25677982,3378.795,14.04,11.40542386,1,0,leak
7770.73,6.06,13.09225982,5439.511,4.848,10.47380786,1,0,leak
2969.11,60.81,14.53974774,2078.377,48.648,11.63179819,1,0,leak
8838.59,52.53,14.25677982,6187.013,42.024,11.40542386,1,0,leak
6971.85,8.67,13.09225982,4880.295,6.936,10.47380786,1,0,leak
2112.24,16.33,14.53974774,1478.568,13.064,11.63179819,1,0,leak
1920.52,60.75,14.25677982,1344.364,48.6,11.40542386,1,0,leak
2233.02,72.04,13.09225982,1563.114,57.632,10.47380786,1,0,leak
1507.37,76.03,14.53974774,1055.159,60.824,11.63179819,1,0,leak
3242.95,98.62,14.25677982,2270.065,78.896,11.40542386,1,0,leak
3277.79,84.99,13.09225982,2294.453,67.992,10.47380786,1,0,leak
4079.11,84.92,14.53974774,2855.377,67.936,11.63179819,1,0,leak
3983.7,1.73,14.25677982,2788.59,1.384,11.40542386,1,0,leak
9813.84,58.29,13.09225982,6869.688,46.632,10.47380786,1,0,leak
4576.97,17.17,14.53974774,3203.879,13.736,11.63179819,1,0,leak
3497.03,96.6,14.25677982,2447.921,77.28,11.40542386,1,0,leak
9980.29,44.7,13.09225982,6986.203,35.76,10.47380786,1,0,leak
3713.22,55.88,14.53974774,2599.254,44.704,11.63179819,1,0,leak
1156.03,54.19,14.25677982,809.221,43.352,11.40542386,1,0,leak
7060.52,52.39,13.09225982,4942.364,41.912,10.47380786,1,0,leak
7299.67,17.48,14.53974774,5109.769,13.984,11.63179819,1,0,leak
1919.32,16.16,14.25677982,1343.524,12.928,11.40542386,1,0,leak
4823.44,46.6,13.09225982,3376.408,37.28,10.47380786,1,0,leak
8036.34,73.82,14.53974774,5625.438,59.056,11.63179819,1,0,leak
5398.24,19.54,14.25677982,3778.768,15.632,11.40542386,1,0,leak
9343.49,65.02,13.09225982,6540.443,52.016,10.47380786,1,0,leak
54.62,65.86,14.53974774,38.234,52.688,11.63179819,1,0,leak
6018.54,98.67,14.25677982,4212.978,78.936,11.40542386,1,0,leak
6480.51,54.97,13.09225982,4536.357,43.976,10.47380786,1,0,leak
1395.32,43.08,14.53974774,976.724,34.464,11.63179819,1,0,leak
987.13,54.75,14.25677982,690.991,43.8,11.40542386,1,0,leak
3124.18,63.44,13.09225982,2186.926,50.752,10.47380786,1,0,leak
4301.8,36.76,14.53974774,3011.26,29.408,11.63179819,1,0,leak
4073.72,71.25,14.25677982,2851.604,57,11.40542386,1,0,leak
3622.54,85.93,13.09225982,2535.778,68.744,10.47380786,1,0,leak
1975.62,86.55,14.53974774,1382.934,69.24,11.63179819,1,0,leak
4621.4,55.27,14.25677982,3234.98,44.216,11.40542386,1,0,leak
9975.3,20.75,13.09225982,6982.71,16.6,10.47380786,1,0,leak
5679.3,28.3,14.53974774,3407.58,22.64,11.63179819,0,0,no leak
9353.35,82.63,14.25677982,5612.01,66.104,11.40542386,0,0,no leak
1793.78,77.68,13.09225982,1076.268,62.144,10.47380786,0,0,no leak
2291.53,89.72,14.53974774,1374.918,71.776,11.63179819,0,0,no leak
6926.29,63.96,14.25677982,4155.774,51.168,11.40542386,0,0,no leak
6822.77,68.37,13.09225982,4093.662,54.696,10.47380786,0,0,no leak
6696.78,34.64,14.53974774,4018.068,27.712,11.63179819,0,0,no leak
3930.73,38.97,14.25677982,2358.438,31.176,11.40542386,0,0,no leak
7191.5,33.41,13.09225982,4314.9,26.728,10.47380786,0,0,no leak
7126.61,27.4,14.53974774,4275.966,21.92,11.63179819,0,0,no leak
6193.57,35.36,14.25677982,3716.142,28.288,11.40542386,0,0,no leak
5165.77,8.92,13.09225982,3099.462,7.136,10.47380786,0,0,no leak
5777.45,40.33,14.53974774,3466.47,32.264,11.63179819,0,0,no leak
4487.03,96.24,14.25677982,2692.218,76.992,11.40542386,0,0,no leak
5373.29,63.96,13.09225982,3223.974,51.168,10.47380786,0,0,no leak
9464.45,92.58,14.53974774,5678.67,74.064,11.63179819,0,0,no leak
6608.92,42.47,14.25677982,3965.352,33.976,11.40542386,0,0,no leak
4372.09,31.28,13.09225982,2623.254,25.024,10.47380786,0,0,no leak
7197.96,53.36,14.53974774,4318.776,42.688,11.63179819,0,0,no leak
7788.57,22.22,14.25677982,4673.142,17.776,11.40542386,0,0,no leak
3076.35,17.16,13.09225982,1845.81,13.728,10.47380786,0,0,no leak
7152.02,87.4,14.53974774,4291.212,69.92,11.63179819,0,0,no leak
2258.07,51.59,14.25677982,1354.842,41.272,11.40542386,0,0,no leak
2018.84,29.09,13.09225982,1211.304,23.272,10.47380786,0,0,no leak
8875.57,81.38,14.53974774,5325.342,65.104,11.63179819,0,0,no leak
6104.52,41.45,14.25677982,3662.712,33.16,11.40542386,0,0,no leak
244.4,56.95,13.09225982,146.64,45.56,10.47380786,0,0,no leak
1181.8,95.6,14.53974774,709.08,76.48,11.63179819,0,0,no leak
5475.82,50.49,14.25677982,3285.492,40.392,11.40542386,0,0,no leak
2998.82,27.95,13.09225982,1799.292,22.36,10.47380786,0,0,no leak
5627.13,96.98,14.53974774,3376.278,77.584,11.63179819,0,0,no leak
821.9,67.58,14.25677982,493.14,54.064,11.40542386,0,0,no leak
6014.51,28.68,13.09225982,3608.706,22.944,10.47380786,0,0,no leak
7526.07,68.37,14.53974774,4515.642,54.696,11.63179819,0,0,no leak
1238.57,5.69,14.25677982,743.142,4.552,11.40542386,0,0,no leak
8150.34,8.91,13.09225982,4890.204,7.128,10.47380786,0,0,no leak
4521.1,5.08,14.53974774,2712.66,4.064,11.63179819,0,0,no leak
7621.28,33.63,14.25677982,4572.768,26.904,11.40542386,0,0,no leak
834.13,20.82,13.09225982,500.478,16.656,10.47380786,0,0,no leak
1453.66,87.74,14.53974774,872.196,70.192,11.63179819,0,0,no leak
2242.63,54.58,14.25677982,1345.578,43.664,11.40542386,0,0,no leak
7849.85,77.6,13.09225982,4709.91,62.08,10.47380786,0,0,no leak
7415.73,20.91,14.53974774,4449.438,16.728,11.63179819,0,0,no leak
8607.16,0.37,14.25677982,5164.296,0.296,11.40542386,0,0,no leak
9302.53,78.03,13.09225982,5581.518,62.424,10.47380786,0,0,no leak
9948.61,56.21,14.53974774,5969.166,44.968,11.63179819,0,0,no leak
8646.29,88.95,14.25677982,5187.774,71.16,11.40542386,0,0,no leak
5471.45,86.29,13.09225982,3282.87,69.032,10.47380786,0,0,no leak
7925.42,99.94,14.53974774,4755.252,79.952,11.63179819,0,0,no leak
540.71,43.34,14.25677982,324.426,34.672,11.40542386,0,0,no leak
8238.41,82.22,13.09225982,4943.046,65.776,10.47380786,0,0,no leak
296.92,2.68,14.53974774,178.152,2.144,11.63179819,0,0,no leak
546.93,56.31,14.25677982,328.158,45.048,11.40542386,0,0,no leak
838.37,86.29,13.09225982,503.022,69.032,10.47380786,0,0,no leak
8197.94,13.4,14.53974774,4918.764,10.72,11.63179819,0,0,no leak
637.16,18.04,14.25677982,382.296,14.432,11.40542386,0,0,no leak
2740.26,33.24,13.09225982,1644.156,26.592,10.47380786,0,0,no leak
4292.48,53.82,14.53974774,2575.488,43.056,11.63179819,0,0,no leak
7686.77,47.28,14.25677982,4612.062,37.824,11.40542386,0,0,no leak
5979.04,60.24,13.09225982,3587.424,48.192,10.47380786,0,0,no leak
57.74,87.32,14.53974774,34.644,69.856,11.63179819,0,0,no leak
9780.22,10.84,14.25677982,5868.132,8.672,11.40542386,0,0,no leak
3267.12,5.39,13.09225982,1960.272,4.312,10.47380786,0,0,no leak
9516.1,45.68,14.53974774,5709.66,36.544,11.63179819,0,0,no leak
2995.52,66.2,14.25677982,1797.312,52.96,11.40542386,0,0,no leak
3526.65,93.8,13.09225982,2115.99,75.04,10.47380786,0,0,no leak
3065.38,94.83,14.53974774,1839.228,75.864,11.63179819,0,0,no leak
2520.37,32.97,14.25677982,1512.222,26.376,11.40542386,0,0,no leak
9838.7,90.56,13.09225982,5903.22,72.448,10.47380786,0,0,no leak
5789.76,68.19,14.53974774,3473.856,54.552,11.63179819,0,0,no leak
7413.9,47.68,14.25677982,4448.34,38.144,11.40542386,0,0,no leak
1417.8,94.4,13.09225982,850.68,75.52,10.47380786,0,0,no leak
7962.12,4.59,14.53974774,4777.272,3.672,11.63179819,0,0,no leak
4847.93,54.08,14.25677982,2908.758,43.264,11.40542386,0,0,no leak
8082.03,59.7,13.09225982,4849.218,47.76,10.47380786,0,0,no leak
1075.88,13.25,14.53974774,645.528,10.6,11.63179819,0,0,no leak
3055.03,14.23,14.25677982,1833.018,11.384,11.40542386,0,0,no leak
8020.96,85.9,13.09225982,4812.576,68.72,10.47380786,0,0,no leak
6696.65,14.54,14.53974774,4017.99,11.632,11.63179819,0,0,no leak
1982.01,36.6,14.25677982,1189.206,29.28,11.40542386,0,0,no leak
2914.48,21.77,13.09225982,1748.688,17.416,10.47380786,0,0,no leak
9186.55,55.75,14.53974774,5511.93,44.6,11.63179819,0,0,no leak
7588.59,38.11,14.25677982,4553.154,30.488,11.40542386,0,0,no leak
2490.38,16.17,13.09225982,1494.228,12.936,10.47380786,0,0,no leak
6628.03,50.42,14.53974774,3976.818,40.336,11.63179819,0,0,no leak
294.99,69.42,14.25677982,176.994,55.536,11.40542386,0,0,no leak
1573.36,24.49,13.09225982,944.016,19.592,10.47380786,0,0,no leak
4707.39,35.88,14.53974774,2824.434,28.704,11.63179819,0,0,no leak
1440.86,58.15,14.25677982,864.516,46.52,11.40542386,0,0,no leak
3749.06,1.18,13.09225982,2249.436,0.944,10.47380786,0,0,no leak
5859.17,13.09,14.53974774,3515.502,10.472,11.63179819,0,0,no leak
8493.71,35.16,14.25677982,5096.226,28.128,11.40542386,0,0,no leak
631.39,94.66,13.09225982,378.834,75.728,10.47380786,0,0,no leak
6915.98,73.72,14.53974774,4149.588,58.976,11.63179819,0,0,no leak
2721.48,75.54,14.25677982,1632.888,60.432,11.40542386,0,0,no leak
6713.94,20.81,13.09225982,4028.364,16.648,10.47380786,0,0,no leak
4131.15,95.2,14.53974774,2478.69,76.16,11.63179819,0,0,no leak
3329.97,69.78,14.25677982,1997.982,55.824,9.979745874,0,1,theaft
6574.8,1.93,13.09225982,3944.88,1.544,9.164581874,0,1,theaft
206.1,76.64,14.53974774,123.66,61.312,10.17782342,0,1,theaft
1697.78,67.71,14.25677982,1018.668,54.168,9.979745874,0,1,theaft
4578.54,27.13,13.09225982,2747.124,21.704,9.164581874,0,1,theaft
8719.15,31.97,14.53974774,5231.49,25.576,10.17782342,0,1,theaft
6578.73,39.52,14.25677982,3947.238,31.616,9.979745874,0,1,theaft
7015.71,35.34,13.09225982,4209.426,28.272,9.164581874,0,1,theaft
404.86,4.06,14.53974774,242.916,3.248,10.17782342,0,1,theaft
7190.65,61.22,14.25677982,4314.39,48.976,9.979745874,0,1,theaft
4271.45,71.3,13.09225982,2562.87,57.04,9.164581874,0,1,theaft
1196.36,79.43,13.09225982,717.816,63.544,9.164581874,0,1,theaft
1515.9,34.3,14.53974774,909.54,27.44,10.17782342,0,1,theaft
65.98,70.19,14.25677982,39.588,56.152,9.979745874,0,1,theaft
2909.81,24.44,13.09225982,1745.886,19.552,9.164581874,0,1,theaft
6935.75,42.31,14.53974774,4161.45,33.848,10.17782342,0,1,theaft
73.56,17.51,14.25677982,44.136,14.008,9.979745874,0,1,theaft
4921.49,11.01,13.09225982,2952.894,8.808,9.164581874,0,1,theaft
1106.87,89.57,14.53974774,664.122,71.656,10.17782342,0,1,theaft
4279.18,59.12,14.25677982,2567.508,47.296,9.979745874,0,1,theaft
8753.45,72.52,13.09225982,5252.07,58.016,9.164581874,0,1,theaft
9634.7,35.91,14.53974774,5780.82,28.728,10.17782342,0,1,theaft
798.58,9.48,14.25677982,479.148,7.584,9.979745874,0,1,theaft
9383.33,30.64,13.09225982,5629.998,24.512,9.164581874,0,1,theaft
5911.17,93.31,14.53974774,3546.702,74.648,10.17782342,0,1,theaft
2455.18,78.48,14.25677982,1473.108,62.784,9.979745874,0,1,theaft
2137.57,60.76,13.09225982,1282.542,48.608,9.164581874,0,1,theaft
1845.48,14.26,14.53974774,1107.288,11.408,10.17782342,0,1,theaft
8390.98,76.28,14.25677982,5034.588,61.024,9.979745874,0,1,theaft
4215.67,49.41,13.09225982,2529.402,39.528,9.164581874,0,1,theaft
3464.55,61.67,14.53974774,2078.73,49.336,10.17782342,0,1,theaft
3477.86,60.81,14.25677982,2086.716,48.648,9.979745874,0,1,theaft
5051.88,18.23,13.09225982,3031.128,14.584,9.164581874,0,1,theaft
3282.33,0.45,14.53974774,1969.398,0.36,10.17782342,0,1,theaft
8412.68,83.73,14.25677982,5047.608,66.984,9.979745874,0,1,theaft
5088.97,85.3,13.09225982,3053.382,68.24,9.164581874,0,1,theaft
6490.04,96.59,14.53974774,3894.024,77.272,10.17782342,0,1,theaft
9994.86,50.05,14.25677982,5996.916,40.04,9.979745874,0,1,theaft
2933.09,37.6,13.09225982,1759.854,30.08,9.164581874,0,1,theaft
8261.37,20.51,14.53974774,4956.822,16.408,10.17782342,0,1,theaft
9019.23,77.61,14.25677982,5411.538,62.088,9.979745874,0,1,theaft
339.25,51.8,13.09225982,203.55,41.44,9.164581874,0,1,theaft
4076.18,40.91,14.53974774,2445.708,32.728,10.17782342,0,1,theaft
8826.29,51.74,14.25677982,5295.774,41.392,9.979745874,0,1,theaft
4636.8,20.72,13.09225982,2782.08,16.576,9.164581874,0,1,theaft
4660.61,54.69,14.53974774,3262.427,43.752,10.17782342,1,1,Leak
8248.19,72.9,14.25677982,5773.733,58.32,9.979745874,1,1,Leak
4808.81,21.97,13.09225982,3366.167,17.576,9.164581874,1,1,Leak
8688.93,60.62,14.53974774,6082.251,48.496,10.17782342,1,1,Leak
5709.38,26.61,14.25677982,3996.566,21.288,9.979745874,1,1,Leak
4149.16,66.54,13.09225982,2904.412,53.232,9.164581874,1,1,Leak
7723.34,17.7,14.53974774,5406.338,14.16,10.17782342,1,1,Leak
7951.53,19.27,14.25677982,5566.071,15.416,9.979745874,1,1,Leak
9439.36,62.6,13.09225982,6607.552,50.08,9.164581874,1,1,Leak
939.55,18.48,14.53974774,657.685,14.784,10.17782342,1,1,Leak
4162.56,6.31,14.25677982,2913.792,5.048,9.979745874,1,1,Leak
6083.36,17.2,13.09225982,4258.352,13.76,9.164581874,1,1,Leak
820.52,57.23,14.53974774,574.364,45.784,10.17782342,1,1,Leak
4067.77,81.33,14.25677982,2847.439,65.064,9.979745874,1,1,Leak
3141.45,77.98,13.09225982,2199.015,62.384,9.164581874,1,1,Leak
7671.37,97.94,14.53974774,5369.959,78.352,10.17782342,1,1,Leak
809.62,86.84,14.25677982,566.734,69.472,9.979745874,1,1,Leak
9059.36,3.65,14.25677982,6341.552,2.92,9.979745874,1,1,Leak
389.87,40.6,13.09225982,272.909,32.48,9.164581874,1,1,Leak
6552.18,85.35,14.53974774,4586.526,68.28,10.17782342,1,1,Leak
5317.46,11.67,14.25677982,3722.222,9.336,9.979745874,1,1,Leak
2050.99,83.61,13.09225982,1435.693,66.888,9.164581874,1,1,Leak
152.1,48.57,14.53974774,106.47,38.856,10.17782342,1,1,Leak
2959.98,12.44,14.25677982,2071.986,9.952,9.979745874,1,1,Leak
1885.16,61.27,13.09225982,1319.612,49.016,9.164581874,1,1,Leak
7198.72,50.59,14.53974774,5039.104,40.472,10.17782342,1,1,Leak
7063.94,58.08,14.25677982,4944.758,46.464,9.979745874,1,1,Leak
9580.15,11.72,13.09225982,6706.105,9.376,9.164581874,1,1,Leak
6255.72,69.56,14.53974774,4379.004,55.648,10.17782342,1,1,Leak
4967.16,84.69,14.25677982,3477.012,67.752,9.979745874,1,1,Leak
9195.74,27.64,13.09225982,6437.018,22.112,9.164581874,1,1,Leak
799.18,56.31,14.53974774,559.426,45.048,10.17782342,1,1,Leak
2437.68,71.68,14.25677982,1706.376,57.344,9.979745874,1,1,Leak
8489.22,87.09,13.09225982,5942.454,69.672,9.164581874,1,1,Leak
4704.72,52.37,13.09225982,3293.304,41.896,9.164581874,1,1,Leak
1828.97,68.51,14.53974774,1280.279,54.808,10.17782342,1,1,Leak
1804.96,59.39,14.25677982,1263.472,47.512,9.979745874,1,1,Leak
2129.73,91.74,13.09225982,1490.811,73.392,9.164581874,1,1,Leak
4096.44,4.68,14.53974774,2867.508,3.744,10.17782342,1,1,Leak
9837.15,78.63,14.25677982,6886.005,62.904,9.979745874,1,1,Leak
9138.67,0.48,13.09225982,6397.069,0.384,9.164581874,1,1,Leak
2398.16,31.96,14.53974774,1678.712,25.568,10.17782342,1,1,Leak
6063.19,8.06,14.25677982,4244.233,6.448,9.979745874,1,1,Leak
4325.94,80.81,13.09225982,3028.158,64.648,9.164581874,1,1,Leak
7716.81,16.77,14.53974774,5401.767,13.416,10.17782342,1,1,Leak
685.26,71.59,14.25677982,479.682,57.272,9.979745874,1,1,Leak
2035.55,79.14,13.09225982,1424.885,63.312,9.164581874,1,1,Leak
6326.61,31.82,14.53974774,4428.627,25.456,10.17782342,1,1,Leak
2335.55,3.36,14.25677982,1634.885,2.688,9.979745874,1,1,Leak
8501.27,34.6,13.09225982,5950.889,27.68,9.164581874,1,1,Leak
2633.89,41.74,14.25677982,1843.723,33.392,9.979745874,1,1,Leak
7800.32,9.45,13.09225982,5460.224,7.56,9.164581874,1,1,Leak
4506.8,89.93,14.53974774,3154.76,71.944,10.17782342,1,1,Leak
5390.37,50.18,14.25677982,3773.259,40.144,9.979745874,1,1,Leak
4946.33,78.69,13.09225982,3462.431,62.952,9.164581874,1,1,Leak
7063.02,71.57,14.53974774,4944.114,57.256,10.17782342,1,1,Leak
4371.15,62.56,14.25677982,3059.805,50.048,9.979745874,1,1,Leak
7244.43,54.05,13.09225982,5071.101,43.24,9.164581874,1,1,Leak
1188.08,33.57,14.53974774,831.656,26.856,10.17782342,1,1,Leak
2916.02,82.59,14.25677982,2041.214,66.072,9.979745874,1,1,Leak
9457.53,62.47,13.09225982,6620.271,49.976,9.164581874,1,1,Leak
8469.79,20.39,14.53974774,5928.853,16.312,10.17782342,1,1,Leak
249.65,67.56,14.25677982,174.755,54.048,9.979745874,1,1,Leak
7980.75,74.09,13.09225982,5586.525,59.272,9.164581874,1,1,Leak
2760.63,98.87,14.53974774,1932.441,79.096,10.17782342,1,1,Leak
1189.18,32.69,14.25677982,832.426,26.152,9.979745874,1,1,Leak
8112.93,33.89,13.09225982,5679.051,27.112,9.164581874,1,1,Leak
7124.12,11.68,14.53974774,4986.884,9.344,10.17782342,1,1,Leak
9577.62,7.75,14.25677982,6704.334,6.2,9.979745874,1,1,Leak
15.18,2.07,13.09225982,10.626,1.656,9.164581874,1,1,Leak
2373.41,79.94,14.53974774,1661.387,63.952,10.17782342,1,1,Leak
2151.37,14.71,14.25677982,1505.959,11.768,9.979745874,1,1,Leak
4964.97,52.71,13.09225982,3475.479,42.168,9.164581874,1,1,Leak
985.51,31.62,14.53974774,689.857,25.296,10.17782342,1,1,Leak
8268.82,87.11,14.25677982,5788.174,69.688,9.979745874,1,1,Leak
1637.82,38.11,13.09225982,1146.474,30.488,9.164581874,1,1,Leak
7037.44,13.82,14.53974774,4926.208,11.056,10.17782342,1,1,Leak
4175.49,41.92,14.25677982,2922.843,33.536,9.979745874,1,1,Leak
7031.51,28.84,13.09225982,4922.057,23.072,9.164581874,1,1,Leak
7288.73,29,14.53974774,5102.111,23.2,10.17782342,1,1,Leak
8387.05,2.55,14.25677982,5870.935,2.04,9.979745874,1,1,Leak
6848.61,8.68,13.09225982,4794.027,6.944,9.164581874,1,1,Leak
2291.99,24.24,14.53974774,1604.393,19.392,10.17782342,1,1,Leak
7915.39,93.21,14.25677982,5540.773,74.568,9.979745874,1,1,Leak
4026.81,85.09,13.09225982,2818.767,68.072,9.164581874,1,1,Leak
8794.19,22.61,14.53974774,6155.933,18.088,10.17782342,1,1,Leak
1455.35,9.8,14.25677982,1018.745,7.84,9.979745874,1,1,Leak
2162.55,88.3,13.09225982,1513.785,70.64,9.164581874,1,1,Leak
6337.21,40.84,14.53974774,4436.047,32.672,10.17782342,1,1,Leak
8878.89,79.39,14.25677982,6215.223,63.512,9.979745874,1,1,Leak
6169.31,23.18,13.09225982,4318.517,18.544,9.164581874,1,1,Leak
7879.13,90.08,14.53974774,5515.391,72.064,10.17782342,1,1,Leak
445.63,12.12,14.25677982,311.941,9.696,9.979745874,1,1,Leak
3182.54,80.47,13.09225982,2227.778,64.376,9.164581874,1,1,Leak
651.2,48.59,14.53974774,455.84,38.872,10.17782342,1,1,Leak
3508.54,82.86,14.25677982,2455.978,66.288,9.979745874,1,1,Leak
6224.56,35.88,13.09225982,4357.192,28.704,9.164581874,1,1,Leak
2876.39,5.69,14.53974774,2013.473,4.552,10.17782342,1,1,Leak
5966.45,9.38,14.25677982,4176.515,7.504,9.979745874,1,1,Leak
349.3,73.85,13.09225982,244.51,59.08,9.164581874,1,1,Leak
2364.18,28.6,14.53974774,1654.926,22.88,10.17782342,1,1,Leak
6227.62,34.59,14.25677982,4359.334,27.672,9.979745874,1,1,Leak
67.85,94.33,13.09225982,47.495,75.464,9.164581874,1,1,Leak
4926.83,30.62,14.53974774,3448.781,24.496,10.17782342,1,1,Leak
4371.36,51.8,14.25677982,3059.952,41.44,9.979745874,1,1,Leak
5695.73,61.6,13.09225982,3987.011,49.28,9.164581874,1,1,Leak
9831.97,55.05,14.53974774,6882.379,44.04,10.17782342,1,1,Leak
4717.99,48.66,14.25677982,3302.593,38.928,9.979745874,1,1,Leak
4542.24,92.84,13.09225982,3179.568,74.272,9.164581874,1,1,Leak
9471.05,73.8,14.53974774,6629.735,59.04,10.17782342,1,1,Leak
3458.03,58.33,14.25677982,2420.621,46.664,9.979745874,1,1,Leak
4267.95,46.42,13.09225982,2987.565,37.136,9.164581874,1,1,Leak
331.73,10.35,14.53974774,232.211,8.28,10.17782342,1,1,Leak
5656.66,89.42,14.25677982,3959.662,71.536,9.979745874,1,1,Leak
4651.63,59,13.09225982,3256.141,47.2,9.164581874,1,1,Leak
4856.77,9.64,13.09225982,3399.739,7.712,9.164581874,1,1,Leak
6471.95,79.9,14.53974774,4530.365,63.92,10.17782342,1,1,Leak
8871.61,37.09,14.25677982,6210.127,29.672,9.979745874,1,1,Leak
4502.27,16.47,13.09225982,3151.589,13.176,9.164581874,1,1,Leak
1063.76,41.52,14.53974774,744.632,33.216,10.17782342,1,1,Leak
2878.71,61.01,14.25677982,2015.097,48.808,9.979745874,1,1,Leak
3942.35,59.6,13.09225982,2759.645,47.68,9.164581874,1,1,Leak
9993.68,44.45,14.53974774,6995.576,35.56,10.17782342,1,1,Leak
3079.05,49.57,14.25677982,2155.335,39.656,9.979745874,1,1,Leak
7535.93,69.43,13.09225982,5275.151,55.544,9.164581874,1,1,Leak
7499.86,63.4,14.53974774,5249.902,50.72,10.17782342,1,1,Leak
1859.69,21.69,14.25677982,1301.783,17.352,9.979745874,1,1,Leak
367.83,77.13,13.09225982,257.481,61.704,9.164581874,1,1,Leak
1345.86,90.23,14.53974774,942.102,72.184,10.17782342,1,1,Leak
8782.51,17.31,14.25677982,6147.757,13.848,9.979745874,1,1,Leak
7508,97.23,13.09225982,5255.6,77.784,9.164581874,1,1,Leak
8247.83,29.17,13.09225982,5773.481,23.336,9.164581874,1,1,Leak
6876.59,49.13,14.53974774,4813.613,39.304,10.17782342,1,1,Leak
9982.44,31.56,14.25677982,6987.708,25.248,9.979745874,1,1,Leak
5823.33,43.76,13.09225982,4076.331,35.008,9.164581874,1,1,Leak
4787.78,92.95,14.53974774,3351.446,74.36,10.17782342,1,1,Leak
8854.08,57.85,14.25677982,6197.856,46.28,9.979745874,1,1,Leak
2524.44,57.81,13.09225982,1767.108,46.248,9.164581874,1,1,Leak
650.69,71.81,14.53974774,455.483,57.448,10.17782342,1,1,Leak
9036.56,48.14,14.25677982,6325.592,38.512,9.979745874,1,1,Leak
130.84,2.11,13.09225982,91.588,1.688,9.164581874,1,1,Leak
1205.39,11.1,14.53974774,843.773,8.88,10.17782342,1,1,Leak
5128.02,87.65,14.25677982,3589.614,70.12,9.979745874,1,1,Leak
1175.34,4.92,13.09225982,822.738,3.936,9.164581874,1,1,Leak
6085.91,92.05,14.53974774,4260.137,73.64,10.17782342,1,1,Leak
9665.55,42.02,14.25677982,6765.885,33.616,9.979745874,1,1,Leak
3826.74,41.08,13.09225982,2678.718,32.864,9.164581874,1,1,Leak
3934.69,82.02,14.25677982,2754.283,65.616,9.979745874,1,1,Leak
7316.97,1.27,13.09225982,5121.879,1.016,9.164581874,1,1,Leak
1110.29,82.18,14.53974774,777.203,65.744,10.17782342,1,1,Leak
7139.04,91.78,14.25677982,4997.328,73.424,9.979745874,1,1,Leak
2193.12,80.29,13.09225982,1535.184,64.232,9.164581874,1,1,Leak
7269.09,26.58,14.53974774,5088.363,21.264,10.17782342,1,1,Leak
5821.25,14.36,14.25677982,4074.875,11.488,9.979745874,1,1,Leak
1414.66,50.21,13.09225982,990.262,40.168,9.164581874,1,1,Leak
1355.25,98.49,14.53974774,948.675,78.792,10.17782342,1,1,Leak
9641.12,30.08,14.25677982,6748.784,24.064,9.979745874,1,1,Leak
8631.77,9.19,13.09225982,6042.239,7.352,9.164581874,1,1,Leak
2748.96,11.47,14.53974774,1924.272,9.176,10.17782342,1,1,Leak
3516.9,89.38,14.25677982,2461.83,71.504,9.979745874,1,1,Leak
4530.79,24.96,13.09225982,3171.553,19.968,9.164581874,1,1,Leak
7620.6,76.43,14.53974774,5334.42,61.144,10.17782342,1,1,Leak
6924.78,89.65,14.25677982,4847.346,71.72,9.979745874,1,1,Leak
7103.21,80.25,13.09225982,4972.247,64.2,9.164581874,1,1,Leak
417.91,73.33,14.53974774,292.537,58.664,10.17782342,1,1,Leak
2328.62,36.1,14.25677982,1630.034,28.88,9.979745874,1,1,Leak
7110.35,80.49,13.09225982,4977.245,64.392,9.164581874,1,1,Leak
5002.45,5.97,14.53974774,3501.715,4.776,10.17782342,1,1,Leak
4352,71.08,14.25677982,3046.4,56.864,9.979745874,1,1,Leak
8809.33,73.26,13.09225982,6166.531,58.608,9.164581874,1,1,Leak
670.5,19.04,14.53974774,469.35,15.232,10.17782342,1,1,Leak
4236.96,9.53,14.53974774,2965.872,7.624,10.17782342,1,1,Leak
6346.78,58.69,14.25677982,4442.746,46.952,9.979745874,1,1,Leak
5881.69,40.53,13.09225982,4705.352,32.424,9.164581874,0,1,theaft
3453.46,22.61,14.53974774,2417.422,18.088,10.17782342,1,1,Leak
6864.92,64.88,14.25677982,4805.444,51.904,9.979745874,1,1,Leak
30.47,90.97,13.09225982,21.329,72.776,9.164581874,1,1,Leak
547.69,68.59,14.53974774,383.383,54.872,10.17782342,1,1,Leak
4694.71,0.86,14.25677982,3286.297,0.688,9.979745874,1,1,Leak
5991.62,85.35,13.09225982,4194.134,68.28,9.164581874,1,1,Leak
2080.88,62.97,14.53974774,1456.616,50.376,10.17782342,1,1,Leak
1148.06,16.28,14.25677982,803.642,13.024,9.979745874,1,1,Leak
581.36,19.43,13.09225982,406.952,15.544,9.164581874,1,1,Leak
775.71,99.3,14.53974774,542.997,79.44,10.17782342,1,1,Leak
7865.84,66.3,14.25677982,5506.088,53.04,9.979745874,1,1,Leak
8615.03,69.79,13.09225982,6030.521,55.832,9.164581874,1,1,Leak
3036.57,50.74,14.53974774,2125.599,40.592,10.17782342,1,1,Leak
437.12,70.26,14.25677982,305.984,56.208,9.979745874,1,1,Leak
9177.79,11.55,13.09225982,6424.453,9.24,9.164581874,1,1,Leak
1279.84,50.68,14.53974774,895.888,40.544,10.17782342,1,1,Leak
9148.04,98.09,14.25677982,6403.628,78.472,9.979745874,1,1,Leak
5332.5,51.65,13.09225982,3732.75,41.32,9.164581874,1,1,Leak
7930.44,34.67,14.53974774,5551.308,27.736,10.17782342,1,1,Leak
2894.43,78.27,14.25677982,2026.101,62.616,9.979745874,1,1,Leak
4850.59,23.57,13.09225982,3395.413,18.856,9.164581874,1,1,Leak
9885.55,86.73,14.53974774,6919.885,69.384,10.17782342,1,1,Leak
5641.74,12.39,14.25677982,3949.218,9.912,9.979745874,1,1,Leak
5534.91,76.68,13.09225982,3874.437,61.344,10.47380786,1,0,leak
7761.62,48.02,14.53974774,5433.134,38.416,11.63179819,1,0,leak
8451.71,35.98,14.25677982,5916.197,28.784,11.40542386,1,0,leak
8277.31,37.14,13.09225982,5794.117,29.712,10.47380786,1,0,leak
6904.32,55.19,14.53974774,4833.024,44.152,11.63179819,1,0,leak
97.37,28.82,14.25677982,68.159,23.056,11.40542386,1,0,leak
3106.59,71.6,13.09225982,2174.613,57.28,10.47380786,1,0,leak
2948.79,41.47,14.53974774,2064.153,33.176,11.63179819,1,0,leak
3011.77,76.38,14.25677982,2108.239,61.104,11.40542386,1,0,leak
1336.68,43.77,13.09225982,935.676,35.016,10.47380786,1,0,leak
1443.72,22.56,14.53974774,1010.604,18.048,11.63179819,1,0,leak
373.22,55.84,14.25677982,261.254,44.672,11.40542386,1,0,leak
3250.8,95.68,13.09225982,2275.56,76.544,10.47380786,1,0,leak
959.66,14.75,14.53974774,671.762,11.8,11.63179819,1,0,leak
7802.82,79.41,14.25677982,5461.974,63.528,11.40542386,1,0,leak
9916.69,88.79,13.09225982,6941.683,71.032,10.47380786,1,0,leak
3098.94,73.5,14.53974774,2169.258,58.8,11.63179819,1,0,leak
9853.12,68.72,14.25677982,6897.184,54.976,11.40542386,1,0,leak
9456.05,87.07,13.09225982,6619.235,69.656,10.47380786,1,0,leak
7383.17,48.05,14.53974774,5168.219,38.44,11.63179819,1,0,leak
6797.6,97.96,14.25677982,4758.32,78.368,11.40542386,1,0,leak
8836.02,11.01,13.09225982,6185.214,8.808,10.47380786,1,0,leak
1754.53,86.09,14.53974774,1228.171,68.872,11.63179819,1,0,leak
3184.42,84.57,14.25677982,2229.094,67.656,11.40542386,1,0,leak
4049.19,85.62,13.09225982,2834.433,68.496,10.47380786,1,0,leak
2941.63,91.22,14.53974774,2059.141,72.976,11.63179819,1,0,leak
4422.12,88.42,14.25677982,3095.484,70.736,11.40542386,1,0,leak
2617.1,13.72,13.09225982,1831.97,10.976,10.47380786,1,0,leak
8841.27,47.88,14.53974774,6188.889,38.304,11.63179819,1,0,leak
3644.97,49.83,14.25677982,2551.479,39.864,11.40542386,1,0,leak
9944.56,89.04,13.09225982,6961.192,71.232,10.47380786,1,0,leak
5502.61,7.79,14.53974774,3851.827,6.232,11.63179819,1,0,leak
1290.15,38.63,14.25677982,903.105,30.904,11.40542386,1,0,leak
3349.1,93.62,13.09225982,2344.37,74.896,10.47380786,1,0,leak
8038.52,47.44,14.53974774,5626.964,37.952,11.63179819,1,0,leak
8236.77,21.57,14.25677982,5765.739,17.256,11.40542386,1,0,leak
4965.17,19.18,13.09225982,3475.619,15.344,10.47380786,1,0,leak
4949.27,18.53,14.53974774,3464.489,14.824,11.63179819,1,0,leak
8614.08,91.09,14.25677982,6029.856,72.872,11.40542386,1,0,leak
3554,63.76,13.09225982,2487.8,51.008,10.47380786,1,0,leak
3583.22,7.49,14.53974774,2508.254,5.992,11.63179819,1,0,leak
9527.19,75.83,14.25677982,6669.033,60.664,11.40542386,1,0,leak
6367.44,72.02,13.09225982,4457.208,57.616,10.47380786,1,0,leak
891.73,4.81,14.53974774,624.211,3.848,11.63179819,1,0,leak
7939.45,87.31,14.25677982,5557.615,69.848,11.40542386,1,0,leak
2699.22,18.24,13.09225982,1889.454,14.592,10.47380786,1,0,leak
7116.02,93.22,14.53974774,4981.214,74.576,11.63179819,1,0,leak
4339.77,90.11,14.25677982,3037.839,72.088,11.40542386,1,0,leak
4455.22,36.9,13.09225982,3118.654,29.52,10.47380786,1,0,leak
3497.05,87.97,14.53974774,2447.935,70.376,11.63179819,1,0,leak
618.37,91.66,14.25677982,432.859,73.328,11.40542386,1,0,leak
2723.96,20.97,13.09225982,1906.772,16.776,10.47380786,1,0,leak
2301.85,69.78,14.53974774,1611.295,55.824,11.63179819,1,0,leak
3989.38,83.74,14.25677982,2792.566,66.992,11.40542386,1,0,leak
4961.38,89.42,13.09225982,3472.966,71.536,10.47380786,1,0,leak
3940.22,12.77,14.53974774,2758.154,10.216,11.63179819,1,0,leak
3869.94,37.24,14.25677982,2708.958,29.792,11.40542386,1,0,leak
813.91,16.93,13.09225982,569.737,13.544,10.47380786,1,0,leak
3001.87,30.66,14.53974774,2101.309,24.528,11.63179819,1,0,leak
2726.89,95.47,14.25677982,1908.823,76.376,11.40542386,1,0,leak
4648.44,33.51,13.09225982,3253.908,26.808,10.47380786,1,0,leak
5989.83,5.96,14.53974774,4192.881,4.768,11.63179819,1,0,leak
1824.65,26.45,14.25677982,1277.255,21.16,11.40542386,1,0,leak
2469.08,23.42,13.09225982,1728.356,18.736,10.47380786,1,0,leak
8107.62,65.51,14.53974774,5675.334,52.408,11.63179819,1,0,leak
5356.35,20.34,14.25677982,3749.445,16.272,11.40542386,1,0,leak
7507.69,28.85,13.09225982,5255.383,23.08,10.47380786,1,0,leak
3027.27,98.98,14.53974774,2119.089,79.184,11.63179819,1,0,leak
4255.65,2.84,14.25677982,2978.955,2.272,11.40542386,1,0,leak
3465.46,95.27,13.09225982,2425.822,76.216,10.47380786,1,0,leak
8786.59,56.13,14.53974774,6150.613,44.904,11.63179819,1,0,leak
9672.27,58.9,14.25677982,6770.589,47.12,11.40542386,1,0,leak
4308.01,96.18,13.09225982,3015.607,76.944,10.47380786,1,0,leak
8070.64,30.21,14.53974774,5649.448,24.168,11.63179819,1,0,leak
1952.05,89.56,14.25677982,1366.435,71.648,11.40542386,1,0,leak
1685.54,43.62,13.09225982,1179.878,34.896,10.47380786,1,0,leak
3557.18,59.77,14.53974774,2490.026,47.816,11.63179819,1,0,leak
9623.14,29.93,14.25677982,6736.198,23.944,11.40542386,1,0,leak
2199.43,71.6,13.09225982,1539.601,57.28,10.47380786,1,0,leak
7634.5,36.56,14.53974774,5344.15,29.248,11.63179819,1,0,leak
4690.29,14.03,14.25677982,3283.203,11.224,11.40542386,1,0,leak
6758.38,37.5,13.09225982,4730.866,30,10.47380786,1,0,leak
8089.1,70.39,14.53974774,5662.37,56.312,11.63179819,1,0,leak
2710.87,62.6,14.25677982,1897.609,50.08,11.40542386,1,0,leak
6106.59,17.33,13.09225982,4274.613,13.864,10.47380786,1,0,leak
763.13,5.39,14.53974774,534.191,4.312,11.63179819,1,0,leak
1728.44,16.69,14.25677982,1209.908,13.352,11.40542386,1,0,leak
401.96,50.72,13.09225982,281.372,40.576,10.47380786,1,0,leak
9835.41,29.53,14.53974774,6884.787,23.624,11.63179819,1,0,leak
71.57,36.14,14.25677982,50.099,28.912,11.40542386,1,0,leak
299.84,28.69,13.09225982,209.888,22.952,10.47380786,1,0,leak
2480.32,78.52,14.53974774,1736.224,62.816,11.63179819,1,0,leak
1555.33,17.59,14.25677982,1088.731,14.072,11.40542386,1,0,leak
3116.44,25.52,13.09225982,2181.508,20.416,10.47380786,1,0,leak
3966.43,91.93,14.53974774,2776.501,73.544,11.63179819,1,0,leak
151.34,30.15,14.25677982,105.938,24.12,11.40542386,1,0,leak
9790.76,68.55,13.09225982,6853.532,54.84,10.47380786,1,0,leak
1561.06,93.91,14.53974774,1092.742,75.128,11.63179819,1,0,leak
7438.61,73.02,14.25677982,5207.027,58.416,11.40542386,1,0,leak
505.06,82.77,13.09225982,353.542,66.216,10.47380786,1,0,leak
5161.16,36.61,14.53974774,3612.812,29.288,11.63179819,1,0,leak
1377.88,4.22,14.25677982,964.516,3.376,11.40542386,1,0,leak
9467.7,48.28,13.09225982,6627.39,38.624,10.47380786,1,0,leak
2208.09,19.79,14.53974774,1545.663,15.832,11.63179819,1,0,leak
2909.48,39.08,14.25677982,2036.636,31.264,11.40542386,1,0,leak
655.05,39.69,13.09225982,458.535,31.752,10.47380786,1,0,leak
8537.68,55.11,14.53974774,5976.376,44.088,11.63179819,1,0,leak
6754.55,94.48,14.25677982,4728.185,75.584,11.40542386,1,0,leak
17.77,64.88,13.09225982,12.439,51.904,10.47380786,1,0,leak
9938.71,61.38,14.53974774,6957.097,49.104,11.63179819,1,0,leak
6827.83,0.7,14.25677982,4779.481,0.56,11.40542386,1,0,leak
4470.46,69.4,13.09225982,3129.322,55.52,10.47380786,1,0,leak
821.8,64.09,14.53974774,575.26,51.272,11.63179819,1,0,leak
9710.9,43.31,14.25677982,6797.63,34.648,11.40542386,1,0,leak
9323.07,59.86,13.09225982,6526.149,47.888,10.47380786,1,0,leak
4450.03,80.83,14.53974774,3115.021,64.664,11.63179819,1,0,leak
894,48.87,14.25677982,625.8,39.096,11.40542386,1,0,leak
5078.02,18.1,13.09225982,3554.614,14.48,10.47380786,1,0,leak
2952.53,4.99,14.53974774,2066.771,3.992,11.63179819,1,0,leak
7044.95,18.83,14.25677982,4931.465,15.064,11.40542386,1,0,leak
865.85,2.13,13.09225982,606.095,1.704,10.47380786,1,0,leak
516.15,8.79,14.53974774,361.305,7.032,11.63179819,1,0,leak
8553.55,57.71,14.25677982,5987.485,46.168,11.40542386,1,0,leak
6062,13.05,13.09225982,4243.4,10.44,10.47380786,1,0,leak
9700.27,17.96,14.53974774,6790.189,14.368,11.63179819,1,0,leak
4747.15,31.36,14.25677982,3323.005,25.088,11.40542386,1,0,leak
9849.66,94.2,13.09225982,6894.762,75.36,10.47380786,1,0,leak
4684.26,92.03,14.53974774,3278.982,73.624,11.63179819,1,0,leak
6558.06,21.9,14.25677982,4590.642,17.52,11.40542386,1,0,leak
6354.94,45.23,13.09225982,4448.458,36.184,10.47380786,1,0,leak
9256.48,52.24,14.53974774,6479.536,41.792,11.63179819,1,0,leak
2730.04,79.9,14.25677982,1911.028,63.92,11.40542386,1,0,leak
3085.66,45.99,13.09225982,2159.962,36.792,10.47380786,1,0,leak
6995.62,5.82,14.53974774,4896.934,4.656,11.63179819,1,0,leak
7068.07,90.14,14.25677982,4947.649,72.112,11.40542386,1,0,leak
3708.55,11.57,13.09225982,2595.985,9.256,10.47380786,1,0,leak
800.65,76.47,14.53974774,560.455,61.176,11.63179819,1,0,leak
8625.21,48.16,14.25677982,6037.647,38.528,11.40542386,1,0,leak
449.98,49.63,13.09225982,314.986,39.704,10.47380786,1,0,leak
9758.83,36.42,14.53974774,6831.181,29.136,11.63179819,1,0,leak
2630.44,47.2,14.25677982,1841.308,37.76,11.40542386,1,0,leak
7094.2,78.82,13.09225982,4965.94,63.056,10.47380786,1,0,leak
9022.07,51.32,14.53974774,6315.449,41.056,11.63179819,1,0,leak
700.23,45.34,14.25677982,490.161,36.272,11.40542386,1,0,leak
5662.06,19.38,13.09225982,3963.442,15.504,10.47380786,1,0,leak
8420.38,8.29,14.53974774,5894.266,6.632,11.63179819,1,0,leak
963.58,75.32,14.25677982,674.506,60.256,11.40542386,1,0,leak
794.63,2.95,13.09225982,556.241,2.36,10.47380786,1,0,leak
7936.31,99.36,14.53974774,5555.417,79.488,11.63179819,1,0,leak
9024.84,7.63,14.25677982,6317.388,6.104,11.40542386,1,0,leak
8501.93,52.22,13.09225982,5951.351,41.776,10.47380786,1,0,leak
2044.2,41.21,14.53974774,1430.94,32.968,11.63179819,1,0,leak
8689.81,7.75,14.25677982,6082.867,6.2,11.40542386,1,0,leak
1253.72,35.84,13.09225982,877.604,28.672,10.47380786,1,0,leak
562.83,27.72,14.53974774,393.981,22.176,11.63179819,1,0,leak
9052.05,1.36,14.25677982,6336.435,1.088,11.40542386,1,0,leak
4658.59,32.36,13.09225982,3261.013,25.888,10.47380786,1,0,leak
7668.47,21.74,14.53974774,5367.929,17.392,11.63179819,1,0,leak
6572.51,64.04,14.25677982,4600.757,51.232,11.40542386,1,0,leak
3597.24,40.42,13.09225982,2518.068,32.336,10.47380786,1,0,leak
4469.93,0.05,14.53974774,3128.951,0.04,11.63179819,1,0,leak
9891.82,96.46,14.25677982,6924.274,77.168,11.40542386,1,0,leak
2289.91,60.57,13.09225982,1602.937,48.456,10.47380786,1,0,leak
6345.19,67.51,14.53974774,4441.633,54.008,11.63179819,1,0,leak
4868.86,43.88,14.25677982,3408.202,35.104,11.40542386,1,0,leak
403.38,42.58,13.09225982,282.366,34.064,10.47380786,1,0,leak
8334.29,70.39,14.53974774,5834.003,56.312,11.63179819,1,0,leak
8630.92,64.05,14.25677982,6041.644,51.24,11.40542386,1,0,leak
7011.29,71.98,13.09225982,4907.903,57.584,10.47380786,1,0,leak
3100.67,99.64,14.53974774,2170.469,79.712,11.63179819,1,0,leak
9167.44,51.96,14.25677982,6417.208,41.568,11.40542386,1,0,leak
4503.98,72.45,13.09225982,3152.786,57.96,10.47380786,1,0,leak
2854.5,11.13,14.53974774,1998.15,8.904,11.63179819,1,0,leak
2953.08,67.67,14.25677982,2067.156,54.136,11.40542386,1,0,leak
1064.38,0.77,13.09225982,745.066,0.616,10.47380786,1,0,leak
6358.98,41.84,14.53974774,4451.286,33.472,11.63179819,1,0,leak
6922.9,95.99,14.25677982,4846.03,76.792,11.40542386,1,0,leak
1668.25,14.64,13.09225982,1167.775,11.712,10.47380786,1,0,leak
5124.95,8.01,14.53974774,3587.465,6.408,11.63179819,1,0,leak
4808.04,48.09,14.25677982,3365.628,38.472,11.40542386,1,0,leak
6860.7,3.97,13.09225982,4802.49,3.176,10.47380786,1,0,leak
2395.15,45.21,14.53974774,1676.605,36.168,11.63179819,1,0,leak
5037.65,83.81,14.25677982,3526.355,67.048,11.40542386,1,0,leak
8157.98,2.86,13.09225982,5710.586,2.288,10.47380786,1,0,leak
66.25,43.89,14.53974774,46.375,35.112,11.63179819,1,0,leak
3557.53,47.17,14.25677982,2490.271,37.736,11.40542386,1,0,leak
2089.06,95.34,13.09225982,1462.342,76.272,10.47380786,1,0,leak
6264.72,29.03,14.53974774,4385.304,23.224,11.63179819,1,0,leak
9218.01,14.07,14.25677982,6452.607,11.256,11.40542386,1,0,leak
4514.73,61.03,13.09225982,3160.311,48.824,10.47380786,1,0,leak
5858.21,21.85,14.53974774,4100.747,17.48,11.63179819,1,0,leak
4038.51,37.56,14.25677982,2826.957,30.048,11.40542386,1,0,leak
2606.87,28.27,13.09225982,1824.809,22.616,10.47380786,1,0,leak
8371.77,95.1,14.53974774,5860.239,76.08,11.63179819,1,0,leak
2685.04,95.62,14.25677982,1879.528,76.496,11.40542386,1,0,leak
1771.14,73.8,13.09225982,1239.798,59.04,10.47380786,1,0,leak
3650.77,26.52,14.53974774,2555.539,21.216,11.63179819,1,0,leak
7764.25,6.34,14.25677982,5434.975,5.072,11.40542386,1,0,leak
8845.19,57.62,13.09225982,6191.633,46.096,10.47380786,1,0,leak
6695.89,99.77,14.53974774,4687.123,79.816,11.63179819,1,0,leak
6372.11,91,14.25677982,4460.477,72.8,11.40542386,1,0,leak
2951.6,80.22,13.09225982,2066.12,64.176,10.47380786,1,0,leak
1012.85,57.8,14.53974774,708.995,46.24,11.63179819,1,0,leak
308.16,18.11,14.25677982,215.712,14.488,11.40542386,1,0,leak
1604.91,46.53,13.09225982,1123.437,37.224,10.47380786,1,0,leak
3049.87,56.24,14.53974774,2134.909,44.992,11.63179819,1,0,leak
6474.18,83.33,14.25677982,4531.926,66.664,11.40542386,1,0,leak
5070.44,55.11,13.09225982,3549.308,44.088,10.47380786,1,0,leak
9966.7,6.32,14.53974774,6976.69,5.056,11.63179819,1,0,leak
9868.84,62.69,14.25677982,6908.188,50.152,11.40542386,1,0,leak
5376.44,93.61,13.09225982,3763.508,74.888,10.47380786,1,0,leak
819.91,5.35,14.53974774,573.937,4.28,11.63179819,1,0,leak
6831.45,13.57,14.25677982,4782.015,10.856,11.40542386,1,0,leak
3871.01,41.01,13.09225982,2709.707,32.808,10.47380786,1,0,leak
563.68,49.11,14.53974774,394.576,39.288,11.63179819,1,0,leak
7118.06,87.04,14.25677982,4982.642,69.632,11.40542386,1,0,leak
8894.84,6.98,13.09225982,6226.388,5.584,10.47380786,1,0,leak
7877.34,11.49,14.53974774,5514.138,9.192,11.63179819,1,0,leak
4502.77,35.99,14.25677982,3151.939,28.792,11.40542386,1,0,leak
2853.16,84.05,13.09225982,1997.212,67.24,10.47380786,1,0,leak
9816.8,97.61,14.53974774,6871.76,78.088,11.63179819,1,0,leak
3363.21,0.07,14.25677982,2354.247,0.056,11.40542386,1,0,leak
2652.76,71.77,13.09225982,1856.932,57.416,10.47380786,1,0,leak
1530.18,38.96,14.53974774,1071.126,31.168,11.63179819,1,0,leak
5224.37,71.66,14.25677982,3657.059,57.328,11.40542386,1,0,leak
8146.43,52.17,13.09225982,5702.501,41.736,10.47380786,1,0,leak
9144.75,85.75,14.53974774,6401.325,68.6,11.63179819,1,0,leak
5019.14,25.38,14.25677982,3513.398,20.304,11.40542386,1,0,leak
5522.13,67.1,13.09225982,3865.491,53.68,10.47380786,1,0,leak
8099.45,26.84,14.53974774,5669.615,21.472,11.63179819,1,0,leak
9074.08,59.8,14.25677982,6351.856,47.84,11.40542386,1,0,leak
36.34,26.53,13.09225982,25.438,21.224,10.47380786,1,0,leak
9208.89,58.74,14.53974774,6446.223,46.992,11.63179819,1,0,leak
2756.64,97.71,14.25677982,1929.648,78.168,11.40542386,1,0,leak
5621.69,26.59,13.09225982,3935.183,21.272,10.47380786,1,0,leak
8801.46,82.88,14.53974774,6161.022,66.304,11.63179819,1,0,leak
1107.16,0.25,14.25677982,775.012,0.2,11.40542386,1,0,leak
1715.88,64.95,13.09225982,1201.116,51.96,10.47380786,1,0,leak
6694.81,35.42,14.53974774,4686.367,28.336,11.63179819,1,0,leak
885.98,97.22,14.25677982,620.186,77.776,11.40542386,1,0,leak
3213.18,98.94,13.09225982,2249.226,79.152,10.47380786,1,0,leak
5458.89,97.95,14.53974774,3821.223,78.36,11.63179819,1,0,leak
7201.37,96.74,14.25677982,5040.959,77.392,11.40542386,1,0,leak
8236.05,29.68,13.09225982,5765.235,23.744,10.47380786,1,0,leak
1989.88,53.38,14.53974774,1392.916,42.704,11.63179819,1,0,leak
2061.18,3.57,14.25677982,1442.826,2.856,11.40542386,1,0,leak
5275.59,65.1,13.09225982,3692.913,52.08,10.47380786,1,0,leak
9711.35,95.12,14.53974774,6797.945,76.096,11.63179819,1,0,leak
9540.4,23.78,14.25677982,6678.28,19.024,11.40542386,1,0,leak
1062.85,76.51,13.09225982,743.995,61.208,10.47380786,1,0,leak
7577.18,63.23,14.53974774,5304.026,50.584,11.63179819,1,0,leak
8003.8,47.69,14.25677982,5602.66,38.152,11.40542386,1,0,leak
3746.86,99.81,13.09225982,2622.802,79.848,10.47380786,1,0,leak
1039.85,40.04,14.53974774,727.895,32.032,11.63179819,1,0,leak
4655.81,97.44,14.25677982,3259.067,77.952,11.40542386,1,0,leak
6064.21,43.53,13.09225982,4244.947,34.824,10.47380786,1,0,leak
2708.01,34.79,14.53974774,1895.607,27.832,11.63179819,1,0,leak
7719.57,27.9,14.25677982,5403.699,22.32,11.40542386,1,0,leak
1250.81,70.28,13.09225982,875.567,56.224,10.47380786,1,0,leak
5817.44,87.17,14.53974774,4072.208,69.736,11.63179819,1,0,leak
608.55,79.93,14.25677982,425.985,63.944,11.40542386,1,0,leak
2870.46,58.47,13.09225982,2009.322,46.776,10.47380786,1,0,leak
3014.25,93.3,14.53974774,2109.975,74.64,11.63179819,1,0,leak
3836.98,98.16,14.25677982,2685.886,78.528,11.40542386,1,0,leak
3604.61,58.31,13.09225982,2523.227,46.648,10.47380786,1,0,leak
6797.01,7.87,14.53974774,4757.907,6.296,11.63179819,1,0,leak
2735.42,83.54,14.25677982,1914.794,66.832,11.40542386,1,0,leak
5218.81,0.59,13.09225982,3653.167,0.472,10.47380786,1,0,leak
1667.7,6.9,13.09225982,1167.39,5.52,10.47380786,1,0,leak
483.15,84.35,14.53974774,338.205,67.48,11.63179819,1,0,leak
3408.19,91,14.25677982,2385.733,72.8,11.40542386,1,0,leak
1234.64,5.9,13.09225982,864.248,4.72,10.47380786,1,0,leak
6384.77,89.22,14.53974774,4469.339,71.376,11.63179819,1,0,leak
8166.6,2.61,14.25677982,5716.62,2.088,11.40542386,1,0,leak
5034.56,87.73,13.09225982,3524.192,70.184,10.47380786,1,0,leak
3502.06,51.81,14.53974774,2451.442,41.448,11.63179819,1,0,leak
8037.41,39.55,14.25677982,5626.187,31.64,11.40542386,1,0,leak
3691.63,91.19,13.09225982,2584.141,72.952,10.47380786,1,0,leak
2336.97,77.8,14.53974774,1635.879,62.24,11.63179819,1,0,leak
697.5,3.56,14.25677982,488.25,2.848,11.40542386,1,0,leak
4563.48,53.76,13.09225982,3194.436,43.008,10.47380786,1,0,leak
7177.8,4.4,14.53974774,5024.46,3.52,11.63179819,1,0,leak
3424.58,76.37,14.25677982,2397.206,61.096,11.40542386,1,0,leak
8097.49,53.22,13.09225982,5668.243,42.576,10.47380786,1,0,leak
9507.13,54.85,14.53974774,6654.991,43.88,11.63179819,1,0,leak
3182.08,31.44,14.25677982,2227.456,25.152,11.40542386,1,0,leak
1552.55,67.32,13.09225982,1086.785,53.856,10.47380786,1,0,leak
5478.71,44.06,14.53974774,3835.097,35.248,11.63179819,1,0,leak
405.18,92.29,14.25677982,283.626,73.832,11.40542386,1,0,leak
9990.15,66.8,13.09225982,6993.105,53.44,10.47380786,1,0,leak
8528.71,3.14,14.53974774,5970.097,2.512,11.63179819,1,0,leak
3504.64,95.07,14.25677982,2453.248,76.056,11.40542386,1,0,leak
9472.44,75.19,13.09225982,6630.708,60.152,10.47380786,1,0,leak
1793.78,35.23,14.53974774,1255.646,28.184,11.63179819,1,0,leak
7263.74,72.4,14.25677982,5084.618,57.92,11.40542386,1,0,leak
1232.57,2.11,13.09225982,862.799,1.688,10.47380786,1,0,leak
570.26,91.39,14.53974774,399.182,73.112,11.63179819,1,0,leak
7146.38,28.39,14.25677982,5002.466,22.712,11.40542386,1,0,leak
7296.38,28.04,13.09225982,5107.466,22.432,10.47380786,1,0,leak
8078.73,87.36,14.53974774,5655.111,69.888,11.63179819,1,0,leak
7383.71,65.96,14.25677982,5168.597,52.768,11.40542386,1,0,leak
3199.96,43.87,13.09225982,2239.972,35.096,10.47380786,1,0,leak
7142.16,36.27,14.53974774,4999.512,29.016,11.63179819,1,0,leak
2075.93,72.76,14.25677982,1453.151,58.208,11.40542386,1,0,leak
3185.1,51.35,13.09225982,2229.57,41.08,10.47380786,1,0,leak
2146.6,89.36,14.53974774,1502.62,71.488,11.63179819,1,0,leak
8831.01,60.55,14.25677982,6181.707,48.44,11.40542386,1,0,leak
6523.43,70.93,13.09225982,4566.401,56.744,10.47380786,1,0,leak
245,94.79,14.53974774,171.5,75.832,11.63179819,1,0,leak
7084.12,41.49,14.25677982,4958.884,33.192,11.40542386,1,0,leak
5081.41,18.46,13.09225982,3556.987,14.768,10.47380786,1,0,leak
5856.81,96.9,14.53974774,4099.767,77.52,11.63179819,1,0,leak
6907.63,33.61,14.25677982,4835.341,26.888,11.40542386,1,0,leak
1611.03,66.76,13.09225982,1127.721,53.408,10.47380786,1,0,leak
587.67,23.46,14.53974774,411.369,18.768,11.63179819,1,0,leak
885.6,92.48,14.25677982,619.92,73.984,11.40542386,1,0,leak
1128.62,2.87,13.09225982,790.034,2.296,10.47380786,1,0,leak
8324.52,9.99,14.53974774,5827.164,7.992,11.63179819,1,0,leak
1938.12,56.06,14.25677982,1356.684,44.848,11.40542386,1,0,leak
3757.62,17.36,14.25677982,2630.334,13.888,11.40542386,1,0,leak
3911.78,49.73,13.09225982,2738.246,39.784,10.47380786,1,0,leak
8572.89,65.17,14.53974774,6001.023,52.136,11.63179819,1,0,leak
1872.83,80.16,14.25677982,1310.981,64.128,11.40542386,1,0,leak
1492.47,74.34,13.09225982,1044.729,59.472,10.47380786,1,0,leak
9621.52,59.78,14.53974774,6735.064,47.824,11.63179819,1,0,leak
4577.6,88.36,14.25677982,3204.32,70.688,11.40542386,1,0,leak
9709.91,74.49,13.09225982,6796.937,59.592,10.47380786,1,0,leak
3520.77,46.42,14.53974774,2464.539,37.136,11.63179819,1,0,leak
3368.6,26.86,14.25677982,2358.02,21.488,11.40542386,1,0,leak
6648.16,94.67,13.09225982,4653.712,75.736,10.47380786,1,0,leak
3116.7,43.35,14.53974774,2181.69,34.68,11.63179819,1,0,leak
1844.94,63.44,14.25677982,1291.458,50.752,11.40542386,1,0,leak
8647.92,87.12,13.09225982,6053.544,69.696,10.47380786,1,0,leak
5058.67,76.52,14.53974774,3541.069,61.216,11.63179819,1,0,leak
4185.6,71.96,14.25677982,2929.92,57.568,11.40542386,1,0,leak
9657.1,67.05,13.09225982,6759.97,53.64,10.47380786,1,0,leak
8275.11,6.11,13.09225982,5792.577,4.888,10.47380786,1,0,leak
5618.07,77.07,14.53974774,3932.649,61.656,11.63179819,1,0,leak
6608.15,30.56,14.25677982,4625.705,24.448,11.40542386,1,0,leak
3047.84,36.93,13.09225982,2133.488,29.544,10.47380786,1,0,leak
5606.76,34.61,14.53974774,3924.732,27.688,11.63179819,1,0,leak
9494.33,86,14.25677982,6646.031,68.8,11.40542386,1,0,leak
6497.13,96.66,13.09225982,4547.991,77.328,10.47380786,1,0,leak
2426.66,30.08,14.53974774,1698.662,24.064,11.63179819,1,0,leak
8579.89,68.71,14.25677982,6005.923,54.968,11.40542386,1,0,leak
6737.55,43.66,13.09225982,4716.285,34.928,10.47380786,1,0,leak
3844.9,91.27,14.53974774,2691.43,73.016,11.63179819,1,0,leak
3739.03,40.13,14.25677982,2617.321,32.104,11.40542386,1,0,leak
503.49,4.88,13.09225982,352.443,3.904,10.47380786,1,0,leak
9321.14,76.98,14.53974774,6524.798,61.584,11.63179819,1,0,leak
8606.64,67.88,14.25677982,6024.648,54.304,11.40542386,1,0,leak
6884.12,96.93,13.09225982,4818.884,77.544,10.47380786,1,0,leak
9419.75,22.13,14.25677982,6593.825,17.704,11.40542386,1,0,leak
9508.54,1.06,13.09225982,6655.978,0.848,10.47380786,1,0,leak
6911.03,92.8,14.53974774,4837.721,74.24,11.63179819,1,0,leak
6522.65,62.92,14.25677982,4565.855,50.336,11.40542386,1,0,leak
884.44,76.47,13.09225982,619.108,61.176,10.47380786,1,0,leak
4217.71,74.68,14.53974774,2952.397,59.744,11.63179819,1,0,leak
9488.35,58.41,14.25677982,6641.845,46.728,11.40542386,1,0,leak
8380.22,78.78,13.09225982,5866.154,63.024,10.47380786,1,0,leak
477.6,38.68,14.53974774,334.32,30.944,11.63179819,1,0,leak
1375.32,32.85,14.25677982,962.724,26.28,11.40542386,1,0,leak
4538.67,85.37,13.09225982,3177.069,68.296,10.47380786,1,0,leak
2628.17,58.48,14.53974774,1839.719,46.784,11.63179819,1,0,leak
4715.23,7.71,14.25677982,3300.661,6.168,11.40542386,1,0,leak
8386.77,48.28,13.09225982,5870.739,38.624,10.47380786,1,0,leak
6322.26,10.84,14.53974774,4425.582,8.672,11.63179819,1,0,leak
7573.67,98.07,14.25677982,5301.569,78.456,11.40542386,1,0,leak
9521.76,76.97,13.09225982,6665.232,61.576,10.47380786,1,0,leak
8702.52,53.78,14.53974774,6091.764,43.024,11.63179819,1,0,leak
2292.45,38.56,14.25677982,1604.715,30.848,11.40542386,1,0,leak
3917.39,45.13,13.09225982,2742.173,36.104,10.47380786,1,0,leak
1434.55,28.16,14.53974774,1004.185,22.528,11.63179819,1,0,leak
8239.27,78.02,14.25677982,5767.489,62.416,11.40542386,1,0,leak
2779.54,42.49,13.09225982,1945.678,33.992,10.47380786,1,0,leak
